variable_name,variable_value,B,aggregated_change
age,45.0,0,4.042700957517802
creatinine_phosphokinase,981.0,0,2.23734396441682
ejection_fraction,30.0,0,13.360019831606044
platelets,136000.0,0,7.124619473507222
serum_creatinine,1.1,0,1.7080420154151397
serum_sodium,137.0,0,0.9839443680313511
sex,1.0,0,1.4139493062760924
smoking,0.0,0,1.2486563744820378
