variable_name,variable_value,B,aggregated_change
BAP1 mutation,0.0,0,663.2939272435888
nucleoli size,1.0,0,288.8066106936843
age at diagnosis,63.0,0,314.4908331224278
mitotic rate per 1mm2,0.24,0,252.4945442221442
ciliary body infiltration,1.0,0,210.25595717289883
largest basal tumor diameter,18.6,0,75.77407250804322
TIL density,0.0,0,31.511922370424806
sex,1.0,0,29.176569542197008
